name;data;tipo;categoria;nome_publicação;subtítulo_publicação;edicao;data_publicacao;thumbnail_url;url
Reino Unido;mar/23;Petróleo e Derivados;Boletim de Óleo e Gás;Boletim de Conjuntura da Indústria do Óleo & Gás;Número 13;mar/23;Publicação: Março/2023;2022S2_reinounido.jpg;https://www.epe.gov.br/sites-pt/publicacoes-dados-abertos/publicacoes/PublicacoesArquivos/publicacao-226/topico-676/BOG%202%C2%BAsemestre2022_2023.02.24.pdf
Guiana;ago/23;Petróleo e Derivados;Boletim de Óleo e Gás;Boletim de Conjuntura da Indústria do Óleo & Gás;Número 14;ago/23;Publicação: Agosto/2023;2023S1_guiana.jpg;https://www.epe.gov.br/sites-pt/publicacoes-dados-abertos/publicacoes/PublicacoesArquivos/publicacao-226/topico-688/BOG%201%C2%BAsemestre2023_2023.08.31.pdf
Suriname;ago/23;Petróleo e Derivados;Boletim de Óleo e Gás;Boletim de Conjuntura da Indústria do Óleo & Gás;Número 14;ago/23;Publicação: Agosto/2023;2023S1_guiana.jpg;https://www.epe.gov.br/sites-pt/publicacoes-dados-abertos/publicacoes/PublicacoesArquivos/publicacao-226/topico-688/BOG%201%C2%BAsemestre2023_2023.08.31.pdf
Emirados Árabes Unidos;mar/24;Petróleo e Derivados;Boletim de Óleo e Gás;Boletim de Conjuntura da Indústria do Óleo & Gás;Número 15;mar/24;Publicação: Março/2024;2023S2_EAU.jpg;https://www.epe.gov.br/sites-pt/publicacoes-dados-abertos/publicacoes/PublicacoesArquivos/publicacao-226/topico-706/BOG%202%C2%BAsemestre2023.pdf
Canadá;ago/24;Petróleo e Derivados;Boletim de Óleo e Gás;Boletim de Conjuntura da Indústria do Óleo & Gás;Número 16;ago/24;Publicação: Agosto/2024;2024S1_canada.jpg;https://www.epe.gov.br/sites-pt/publicacoes-dados-abertos/publicacoes/PublicacoesArquivos/publicacao-226/topico-722/BOG%2016.pdf
Alemanha;set/22;Petróleo e Derivados;Boletim de Óleo e Gás;Boletim de Conjuntura da Indústria do Óleo & Gás;Número 12;set/22;Publicação: Setembro/2022;2022S1_alemanha.jpg;https://www.epe.gov.br/sites-pt/publicacoes-dados-abertos/publicacoes/PublicacoesArquivos/publicacao-226/topico-645/BOG%201%C2%BAsemestre2022.pdf
Austrália;fev/22;Petróleo e Derivados;Boletim de Óleo e Gás;Boletim de Conjuntura da Indústria do Óleo & Gás;Número 11;fev/22;Publicação: Fevereiro/2022;2021S2_australia.jpg;https://www.epe.gov.br/sites-pt/publicacoes-dados-abertos/publicacoes/PublicacoesArquivos/publicacao-226/topico-619/BOG%202%C2%BAsemestre2021_2022.02.10%20(rev).pdf
Estados Unidos da América;jul/21;Petróleo e Derivados;Boletim de Óleo e Gás;Boletim de Conjuntura da Indústria do Óleo & Gás;Número 10;jul/21;Publicação: Julho/2021;2021S1_EUA.jpg;https://www.epe.gov.br/sites-pt/publicacoes-dados-abertos/publicacoes/PublicacoesArquivos/publicacao-226/topico-595/10%C2%BA%20Boletim%20de%20Conjuntura%20da%20Ind%C3%BAstria%20do%20%C3%93leo%20G%C3%A1s.pdf
Índia;jul/21;Petróleo e Derivados;Boletim de Óleo e Gás;Boletim de Conjuntura da Indústria do Óleo & Gás;Número 09;jan/21;Publicação: Janeiro/2021;2020S2_India.jpg;https://www.epe.gov.br/sites-pt/publicacoes-dados-abertos/publicacoes/PublicacoesArquivos/publicacao-226/topico-573/BOG%202%C2%BAsemestre2020_2021.01.28.pdf
Irã;jul/20;Petróleo e Derivados;Boletim de Óleo e Gás;Boletim de Conjuntura da Indústria do Óleo & Gás;Número 08;jul/20;Publicação: Julho/2020;2020S1_Ira.jpg;https://www.epe.gov.br/sites-pt/publicacoes-dados-abertos/publicacoes/PublicacoesArquivos/publicacao-226/topico-524/Boletim%20de%20Conjuntura%20da%20Ind%C3%BAstria%20do%20%C3%93leo%20e%20G%C3%A1s_2020.07.31.pdf
Arábia Saudita;jan/20;Petróleo e Derivados;Boletim de Óleo e Gás;Boletim de Conjuntura da Indústria do Óleo & Gás;Número 07;jun/19;Publicação: 2º Semestre/2019;2019S2_ArabiaSauditaIra.jpg;https://www.epe.gov.br/sites-pt/publicacoes-dados-abertos/publicacoes/PublicacoesArquivos/publicacao-226/topico-508/7%20Boletim%20de%20Conjuntura%20da%20Ind%C3%BAstria%20do%20%C3%93leo%20e%20G%C3%A1s.pdf
Argentina;jul/19;Petróleo e Derivados;Boletim de Óleo e Gás;Boletim de Conjuntura da Indústria do Óleo & Gás;Número 06;jan/19;Publicação: 1º Semestre/2019;2019S1_Argentina.jpg;https://www.epe.gov.br/sites-pt/publicacoes-dados-abertos/publicacoes/PublicacoesArquivos/publicacao-226/topico-471/Boletim%20de%20Conjuntura%20da%20Indu%CC%81stria%20do%20Petro%CC%81leo_1S19_2019_07_04_final.pdf
Venezuela;jan/19;Petróleo e Derivados;Boletim de Óleo e Gás;Boletim de Conjuntura da Indústria do Óleo & Gás;Número 05;jun/18;Publicação:  2º Semestre/2018;2018S2_Venezuela.jpg;https://www.epe.gov.br/sites-pt/publicacoes-dados-abertos/publicacoes/PublicacoesArquivos/publicacao-226/topico-450/Boletim%20de%20Conjuntura%20da%20Ind%C3%BAstria%20do%20Petr%C3%B3leo_2019_01_04.pdf
Rússia;jul/18;Petróleo e Derivados;Boletim de Óleo e Gás;Boletim de Conjuntura da Indústria do Óleo & Gás;Número 04;jan/18;Publicação: 1º Semestre/2018;2018S1_Russia.jpg;https://www.epe.gov.br/sites-pt/publicacoes-dados-abertos/publicacoes/PublicacoesArquivos/publicacao-226/topico-399/Boletim%20de%20Conjuntura%20da%20Ind%C3%BAstria%20do%20Petr%C3%B3leo_1sem2018_07_04.pdf
Nigéria;jan/18;Petróleo e Derivados;Boletim de Óleo e Gás;Boletim de Conjuntura da Indústria do Óleo & Gás;Número 03;jun/17;Publicação: 2º Semestre/2017;2017S2_AfricaOeste.jpg;https://www.epe.gov.br/sites-pt/publicacoes-dados-abertos/publicacoes/PublicacoesArquivos/publicacao-226/topico-336/Boletim%20de%20Conjuntura%20da%20Ind%C3%BAstria%20do%20Petr%C3%B3leo_2sem2017.pdf
Angola;jan/18;Petróleo e Derivados;Boletim de Óleo e Gás;Boletim de Conjuntura da Indústria do Óleo & Gás;Número 03;jun/17;Publicação: 2º Semestre/2017;2017S2_AfricaOeste.jpg;https://www.epe.gov.br/sites-pt/publicacoes-dados-abertos/publicacoes/PublicacoesArquivos/publicacao-226/topico-336/Boletim%20de%20Conjuntura%20da%20Ind%C3%BAstria%20do%20Petr%C3%B3leo_2sem2017.pdf
República do Congo;jan/18;Petróleo e Derivados;Boletim de Óleo e Gás;Boletim de Conjuntura da Indústria do Óleo & Gás;Número 03;jun/17;Publicação: 2º Semestre/2017;2017S2_AfricaOeste.jpg;https://www.epe.gov.br/sites-pt/publicacoes-dados-abertos/publicacoes/PublicacoesArquivos/publicacao-226/topico-336/Boletim%20de%20Conjuntura%20da%20Ind%C3%BAstria%20do%20Petr%C3%B3leo_2sem2017.pdf
Guiné Equatorial;jan/18;Petróleo e Derivados;Boletim de Óleo e Gás;Boletim de Conjuntura da Indústria do Óleo & Gás;Número 03;jun/17;Publicação: 2º Semestre/2017;2017S2_AfricaOeste.jpg;https://www.epe.gov.br/sites-pt/publicacoes-dados-abertos/publicacoes/PublicacoesArquivos/publicacao-226/topico-336/Boletim%20de%20Conjuntura%20da%20Ind%C3%BAstria%20do%20Petr%C3%B3leo_2sem2017.pdf
China;jul/17;Petróleo e Derivados;Boletim de Óleo e Gás;Boletim de Conjuntura da Indústria do Óleo & Gás;Número 02;jan/17;Publicação: 1º Semestre/2017;2017S1_China.jpg;https://www.epe.gov.br/sites-pt/publicacoes-dados-abertos/publicacoes/PublicacoesArquivos/publicacao-226/topico-337/Boletim%20de%20Conjuntura%20da%20Ind%C3%BAstria%20do%20Petr%C3%B3leo%20-%20n%C2%BA%202.pdf
Brasil;nov/18;Petróleo e Derivados;Relatório - Petróleo e derivados;Recent Developments In The Brazilian Oil Industry;Special Report;nov/18;Publicação: Novembro/2018;201811_Brasil.jpg;https://www.epe.gov.br/sites-en/publicacoes-dados-abertos/publicacoes/PublicacoesArquivos/publicacao-189/English%20ROG_v%20final_2018.11.01.pdf
Brasil;dez/19;Petróleo e Derivados;Relatório - Petróleo e derivados;Brazilian Oil & Gas Report 2019/2020;Trends And Recent Developments;dez/20;Publicação: Dezembro/2020;201912_Brasil.jpg;https://www.epe.gov.br/sites-pt/publicacoes-dados-abertos/publicacoes/PublicacoesArquivos/publicacao-448/topico-565/EPE_Brazilian%20Oil%20and%20Gas%20Report%202019-2020.pdf
México;set/16;Petróleo e Derivados;Relatório - Petróleo e derivados;Marco Regulatório Da Indústria Do Petróleo No México;Nota Técnica;set/16;Publicação: Setembro/2016;201609_Mexico.jpg;https://www.epe.gov.br/sites-pt/publicacoes-dados-abertos/publicacoes/PublicacoesArquivos/publicacao-250/topico-306/NT_Mexico%202016set%5b1%5d.pdf
Argentina;jun/20;Gás Natural;Estudos - Gás Natural;A Indústria de Gás Natural na Argentina;Nota Técnica;jul/20;Publicação: Julho/2020;202006_Argentina.jpg;https://www.epe.gov.br/sites-pt/publicacoes-dados-abertos/publicacoes/PublicacoesArquivos/publicacao-492/Nota%20Tecnica%20A%20Industria%20Gas%20Natural%20na%20Argentina_Panorama%20perspectivas%20e%20oportunidades%20para%20o%20Brasil_DPG_SPG.pdf
Bolívia;jun/17;Gás Natural;Estudos - Gás Natural;Panorama da Indústria de Gás Natural na Bolívia;Nota Técnica;jun/17;Publicação: Junho/2017;201706_Bolivia.jpg;https://www.epe.gov.br/sites-pt/publicacoes-dados-abertos/publicacoes/PublicacoesArquivos/publicacao-250/topico-307/EPE%202017%20-%20Panorama%20da%20Ind%C3%BAstria%20de%20G%C3%A1s%20Natural%20na%20Bol%C3%ADvia%2022jun17.pdf
Brasil;dez/23;Petróleo e Derivados;Relatório - Petróleo e derivados;Brazilian Oil & Gas Report 2022/2023;Trends And Recent Developments;dez/23;Publicação: Dezembro/2023;202312_Brasil.jpg;https://www.epe.gov.br/sites-en/publicacoes-dados-abertos/publicacoes/PublicacoesArquivos/publicacao-197/topico-198/BOR_2023.12.21.pdf
Estados Unidos da América;mar/21;Petróleo e Derivados;Boletim de Óleo e Gás;Experiências internacionais na regulação da indústria de óleo & gás;Nota Técnica;mar/21;Publicação: Março/2021;;https://www.epe.gov.br/sites-pt/publicacoes-dados-abertos/publicacoes/PublicacoesArquivos/publicacao-582/NT-EPE-DPG-SDB-2021-02_Regula%C3%A7%C3%A3o%20de%20%C3%93leo%20e%20G%C3%A1s.pdf#search=livro%20marco%20regulat%C3%B3rio%20petr%C3%B3leo
Arábia Saudita;mar/21;Petróleo e Derivados;Boletim de Óleo e Gás;Experiências internacionais na regulação da indústria de óleo & gás;Nota Técnica;mar/21;Publicação: Março/2021;;https://www.epe.gov.br/sites-pt/publicacoes-dados-abertos/publicacoes/PublicacoesArquivos/publicacao-582/NT-EPE-DPG-SDB-2021-02_Regula%C3%A7%C3%A3o%20de%20%C3%93leo%20e%20G%C3%A1s.pdf#search=livro%20marco%20regulat%C3%B3rio%20petr%C3%B3leo
Rússia;mar/21;Petróleo e Derivados;Boletim de Óleo e Gás;Experiências internacionais na regulação da indústria de óleo & gás;Nota Técnica;mar/21;Publicação: Março/2021;;https://www.epe.gov.br/sites-pt/publicacoes-dados-abertos/publicacoes/PublicacoesArquivos/publicacao-582/NT-EPE-DPG-SDB-2021-02_Regula%C3%A7%C3%A3o%20de%20%C3%93leo%20e%20G%C3%A1s.pdf#search=livro%20marco%20regulat%C3%B3rio%20petr%C3%B3leo
Irã;mar/21;Petróleo e Derivados;Boletim de Óleo e Gás;Experiências internacionais na regulação da indústria de óleo & gás;Nota Técnica;mar/21;Publicação: Março/2021;;https://www.epe.gov.br/sites-pt/publicacoes-dados-abertos/publicacoes/PublicacoesArquivos/publicacao-582/NT-EPE-DPG-SDB-2021-02_Regula%C3%A7%C3%A3o%20de%20%C3%93leo%20e%20G%C3%A1s.pdf#search=livro%20marco%20regulat%C3%B3rio%20petr%C3%B3leo
Iraque;mar/21;Petróleo e Derivados;Boletim de Óleo e Gás;Experiências internacionais na regulação da indústria de óleo & gás;Nota Técnica;mar/21;Publicação: Março/2021;;https://www.epe.gov.br/sites-pt/publicacoes-dados-abertos/publicacoes/PublicacoesArquivos/publicacao-582/NT-EPE-DPG-SDB-2021-02_Regula%C3%A7%C3%A3o%20de%20%C3%93leo%20e%20G%C3%A1s.pdf#search=livro%20marco%20regulat%C3%B3rio%20petr%C3%B3leo
Nigéria;mar/21;Petróleo e Derivados;Boletim de Óleo e Gás;Experiências internacionais na regulação da indústria de óleo & gás;Nota Técnica;mar/21;Publicação: Março/2021;;https://www.epe.gov.br/sites-pt/publicacoes-dados-abertos/publicacoes/PublicacoesArquivos/publicacao-582/NT-EPE-DPG-SDB-2021-02_Regula%C3%A7%C3%A3o%20de%20%C3%93leo%20e%20G%C3%A1s.pdf#search=livro%20marco%20regulat%C3%B3rio%20petr%C3%B3leo
Angola;mar/21;Petróleo e Derivados;Boletim de Óleo e Gás;Experiências internacionais na regulação da indústria de óleo & gás;Nota Técnica;mar/21;Publicação: Março/2021;;https://www.epe.gov.br/sites-pt/publicacoes-dados-abertos/publicacoes/PublicacoesArquivos/publicacao-582/NT-EPE-DPG-SDB-2021-02_Regula%C3%A7%C3%A3o%20de%20%C3%93leo%20e%20G%C3%A1s.pdf#search=livro%20marco%20regulat%C3%B3rio%20petr%C3%B3leo
República do Congo;mar/21;Petróleo e Derivados;Boletim de Óleo e Gás;Experiências internacionais na regulação da indústria de óleo & gás;Nota Técnica;mar/21;Publicação: Março/2021;;https://www.epe.gov.br/sites-pt/publicacoes-dados-abertos/publicacoes/PublicacoesArquivos/publicacao-582/NT-EPE-DPG-SDB-2021-02_Regula%C3%A7%C3%A3o%20de%20%C3%93leo%20e%20G%C3%A1s.pdf#search=livro%20marco%20regulat%C3%B3rio%20petr%C3%B3leo
Guiné Equatorial;mar/21;Petróleo e Derivados;Boletim de Óleo e Gás;Experiências internacionais na regulação da indústria de óleo & gás;Nota Técnica;mar/21;Publicação: Março/2021;;https://www.epe.gov.br/sites-pt/publicacoes-dados-abertos/publicacoes/PublicacoesArquivos/publicacao-582/NT-EPE-DPG-SDB-2021-02_Regula%C3%A7%C3%A3o%20de%20%C3%93leo%20e%20G%C3%A1s.pdf#search=livro%20marco%20regulat%C3%B3rio%20petr%C3%B3leo
Venezuela;mar/21;Petróleo e Derivados;Boletim de Óleo e Gás;Experiências internacionais na regulação da indústria de óleo & gás;Nota Técnica;mar/21;Publicação: Março/2021;;https://www.epe.gov.br/sites-pt/publicacoes-dados-abertos/publicacoes/PublicacoesArquivos/publicacao-582/NT-EPE-DPG-SDB-2021-02_Regula%C3%A7%C3%A3o%20de%20%C3%93leo%20e%20G%C3%A1s.pdf#search=livro%20marco%20regulat%C3%B3rio%20petr%C3%B3leo
Argentina;mar/21;Petróleo e Derivados;Boletim de Óleo e Gás;Experiências internacionais na regulação da indústria de óleo & gás;Nota Técnica;mar/21;Publicação: Março/2021;;https://www.epe.gov.br/sites-pt/publicacoes-dados-abertos/publicacoes/PublicacoesArquivos/publicacao-582/NT-EPE-DPG-SDB-2021-02_Regula%C3%A7%C3%A3o%20de%20%C3%93leo%20e%20G%C3%A1s.pdf#search=livro%20marco%20regulat%C3%B3rio%20petr%C3%B3leo
Bolívia;mar/21;Petróleo e Derivados;Boletim de Óleo e Gás;Experiências internacionais na regulação da indústria de óleo & gás;Nota Técnica;mar/21;Publicação: Março/2021;;https://www.epe.gov.br/sites-pt/publicacoes-dados-abertos/publicacoes/PublicacoesArquivos/publicacao-582/NT-EPE-DPG-SDB-2021-02_Regula%C3%A7%C3%A3o%20de%20%C3%93leo%20e%20G%C3%A1s.pdf#search=livro%20marco%20regulat%C3%B3rio%20petr%C3%B3leo
México;mar/21;Petróleo e Derivados;Boletim de Óleo e Gás;Experiências internacionais na regulação da indústria de óleo & gás;Nota Técnica;mar/21;Publicação: Março/2021;;https://www.epe.gov.br/sites-pt/publicacoes-dados-abertos/publicacoes/PublicacoesArquivos/publicacao-582/NT-EPE-DPG-SDB-2021-02_Regula%C3%A7%C3%A3o%20de%20%C3%93leo%20e%20G%C3%A1s.pdf#search=livro%20marco%20regulat%C3%B3rio%20petr%C3%B3leo
Venezuela;jan/11;Petróleo e Derivados;Estudo Especial;Marcos Regulatórios da Indústria Mundial do Petróleo;Estudo Especial;jan/11;Publicação: Janeiro/2011;;https://synergiaeditora.com.br/produto/marcos-regulatorios-da-industria-mundial-do-petroleo/
Colômbia;jan/11;Petróleo e Derivados;Estudo Especial;Marcos Regulatórios da Indústria Mundial do Petróleo;Estudo Especial;jan/11;Publicação: Janeiro/2011;;https://synergiaeditora.com.br/produto/marcos-regulatorios-da-industria-mundial-do-petroleo/
Brasil;jan/11;Petróleo e Derivados;Estudo Especial;Marcos Regulatórios da Indústria Mundial do Petróleo;Estudo Especial;jan/11;Publicação: Janeiro/2011;;https://synergiaeditora.com.br/produto/marcos-regulatorios-da-industria-mundial-do-petroleo/
Noruega;jan/11;Petróleo e Derivados;Estudo Especial;Marcos Regulatórios da Indústria Mundial do Petróleo;Estudo Especial;jan/11;Publicação: Janeiro/2011;;https://synergiaeditora.com.br/produto/marcos-regulatorios-da-industria-mundial-do-petroleo/
Argélia;jan/11;Petróleo e Derivados;Estudo Especial;Marcos Regulatórios da Indústria Mundial do Petróleo;Estudo Especial;jan/11;Publicação: Janeiro/2011;;https://synergiaeditora.com.br/produto/marcos-regulatorios-da-industria-mundial-do-petroleo/
Líbia;jan/11;Petróleo e Derivados;Estudo Especial;Marcos Regulatórios da Indústria Mundial do Petróleo;Estudo Especial;jan/11;Publicação: Janeiro/2011;;https://synergiaeditora.com.br/produto/marcos-regulatorios-da-industria-mundial-do-petroleo/
Angola;jan/11;Petróleo e Derivados;Estudo Especial;Marcos Regulatórios da Indústria Mundial do Petróleo;Estudo Especial;jan/11;Publicação: Janeiro/2011;;https://synergiaeditora.com.br/produto/marcos-regulatorios-da-industria-mundial-do-petroleo/
Cazaquistão;jan/11;Petróleo e Derivados;Estudo Especial;Marcos Regulatórios da Indústria Mundial do Petróleo;Estudo Especial;jan/11;Publicação: Janeiro/2011;;https://synergiaeditora.com.br/produto/marcos-regulatorios-da-industria-mundial-do-petroleo/
Azerbaijão;jan/11;Petróleo e Derivados;Estudo Especial;Marcos Regulatórios da Indústria Mundial do Petróleo;Estudo Especial;jan/11;Publicação: Janeiro/2011;;https://synergiaeditora.com.br/produto/marcos-regulatorios-da-industria-mundial-do-petroleo/
Irã;jan/11;Petróleo e Derivados;Estudo Especial;Marcos Regulatórios da Indústria Mundial do Petróleo;Estudo Especial;jan/11;Publicação: Janeiro/2011;;https://synergiaeditora.com.br/produto/marcos-regulatorios-da-industria-mundial-do-petroleo/
Indonésia;jan/11;Petróleo e Derivados;Estudo Especial;Marcos Regulatórios da Indústria Mundial do Petróleo;Estudo Especial;jan/11;Publicação: Janeiro/2011;;https://synergiaeditora.com.br/produto/marcos-regulatorios-da-industria-mundial-do-petroleo/
